City_ID,City,Country,Lat,Lng,Max Temp,Humidity,Cloudiness,Wind Speed,Current Description
0,Te Anau,NZ,-45.4167,167.7167,43.25,83,57,0.4,broken clouds
1,Ushuaia,AR,-54.8,-68.3,53.26,40,40,23.02,light rain
2,Port Lincoln,AU,-34.7333,135.8667,58.98,77,0,7.25,clear sky
3,Tongliao,CN,43.6125,122.2653,24.39,78,34,11.7,scattered clouds
4,Oropesa,PE,-13.5928,-71.7719,62.46,44,75,2.3,broken clouds
5,Avarua,CK,-21.2078,-159.775,75.25,73,16,1.14,few clouds
6,Moron,AR,-34.6534,-58.6198,66.09,94,90,5.75,thunderstorm with rain
7,Busselton,AU,-33.65,115.3333,59.29,91,77,8.14,broken clouds
8,Ginda,IN,30.6945,78.4932,45.19,26,0,6.69,clear sky
9,Rikitea,PF,-23.1203,-134.9692,76.44,73,7,16.58,clear sky
10,Dikson,RU,73.5069,80.5464,-14.94,100,100,11.05,overcast clouds
11,Alta Floresta,BR,-9.8756,-56.0861,89.42,62,40,9.22,scattered clouds
12,Longyearbyen,SJ,78.2186,15.6401,10.24,56,75,23.02,broken clouds
13,Mayo,US,38.8876,-76.5119,59.04,49,5,4.38,clear sky
14,Jinxiang,CN,27.4327,120.6062,60.28,92,100,10.29,overcast clouds
15,Nevelsk,RU,46.6733,141.8633,16.23,73,54,16.67,broken clouds
16,Punta Arenas,CL,-53.15,-70.9167,51.91,62,75,29.93,light rain
17,Tolaga Bay,NZ,-38.3667,178.3,60.48,87,98,2.28,light rain
18,Port Blair,IN,11.6667,92.75,80.44,75,59,6.46,broken clouds
19,Nioki,CD,-2.7167,17.6833,73.8,89,94,2.48,overcast clouds
20,Hermanus,ZA,-34.4187,19.2345,64.6,83,47,10.16,light rain
21,Nanortalik,GL,60.1432,-45.2371,41.99,91,100,14.94,light rain
22,Hithadhoo,MV,-0.6,73.0833,81.79,74,78,15.99,broken clouds
23,Severo-Kurilsk,RU,50.6789,156.125,33.26,73,96,17.2,overcast clouds
24,Ballina,AU,-28.8667,153.5667,66.24,87,99,8.32,overcast clouds
25,Coquimbo,CL,-29.9533,-71.3436,65.93,68,0,16.11,clear sky
26,Norsup,VU,-16.0667,167.3833,79.43,81,8,6.87,clear sky
27,Upernavik,GL,72.7868,-56.1549,-7.76,73,4,10.09,clear sky
28,Mar Del Plata,AR,-38.0023,-57.5575,65.41,84,100,15.28,light rain
29,Mehamn,NO,71.0357,27.8492,12.38,79,39,18.41,scattered clouds
30,Cape Town,ZA,-33.9258,18.4232,68.41,73,40,4.61,scattered clouds
31,Chokurdakh,RU,70.6333,147.9167,-39.46,100,95,0.94,overcast clouds
32,Bethel,US,41.3712,-73.414,35.96,69,90,0.0,light rain
33,Bambous Virieux,MU,-20.3428,57.7575,77.25,78,20,4.61,few clouds
34,La Ronge,CA,55.1001,-105.2842,23.25,68,92,11.5,overcast clouds
35,Znin,PL,52.8496,17.7199,31.84,99,100,4.41,light snow
36,Nishihara,JP,26.1842,127.7558,70.88,60,75,13.8,broken clouds
37,Berezovyy,RU,51.6667,135.7,13.53,95,100,1.79,light snow
38,Dutse,NG,11.7594,9.3392,78.44,16,74,5.93,broken clouds
39,Ilulissat,GL,69.2167,-51.1,15.82,53,99,2.3,overcast clouds
40,Los Llanos De Aridane,ES,28.6585,-17.9182,62.35,72,75,17.27,broken clouds
41,Skjervoy,NO,70.0311,20.9714,1.4,65,62,17.13,broken clouds
42,Fomboni,KM,-12.28,43.7425,80.42,76,33,10.63,scattered clouds
43,Faanui,PF,-16.4833,-151.75,81.34,72,81,10.49,broken clouds
44,Inhambane,MZ,-23.865,35.3833,73.38,68,20,5.75,few clouds
45,Pisco,PE,-13.7,-76.2167,71.65,68,0,8.05,clear sky
46,Barrow,US,71.2906,-156.7887,-11.18,70,90,10.36,light snow
47,Clyde River,CA,70.4692,-68.5914,-3.77,84,100,11.5,light snow
48,Sweetwater,US,25.7634,-80.3731,77.02,50,75,0.0,broken clouds
49,Hilo,US,19.7297,-155.09,71.33,78,1,4.61,clear sky
50,Port Alfred,ZA,-33.5906,26.891,66.49,80,27,3.56,scattered clouds
51,Cidreira,BR,-30.1811,-50.2056,75.2,79,100,8.93,overcast clouds
52,Shahada,IN,21.55,74.4667,73.26,37,87,5.03,overcast clouds
53,Salinopolis,BR,-0.6136,-47.3561,85.46,66,20,10.6,few clouds
54,Karia,NG,11.7306,11.1629,80.02,15,70,8.99,broken clouds
55,Saiha,IN,22.4833,92.9667,60.28,86,69,3.42,broken clouds
56,Santa Vitoria Do Palmar,BR,-33.5189,-53.3681,69.24,93,100,4.29,moderate rain
57,Khatanga,RU,71.9667,102.5,-9.74,97,99,9.53,overcast clouds
58,Puerto Ayora,EC,-0.7393,-90.3518,76.96,80,96,9.78,overcast clouds
59,Kuching,MY,1.55,110.3333,75.42,94,20,0.0,few clouds
60,Port Elizabeth,ZA,-33.918,25.5701,66.49,72,0,25.32,clear sky
61,Shenjiamen,CN,29.9576,122.298,62.49,83,99,8.23,overcast clouds
62,Norman Wells,CA,65.282,-126.8329,-34.56,61,20,2.3,few clouds
63,Bluff,NZ,-46.6,168.3333,52.43,74,77,18.1,broken clouds
64,Khanpur,PK,28.6453,70.6567,68.27,26,0,6.31,clear sky
65,Tuktoyaktuk,CA,69.4541,-133.0374,-7.6,71,90,18.41,light snow
66,Yangambi,CD,0.8102,24.4336,71.26,96,99,1.5,light rain
67,Olafsvik,IS,64.8945,-23.7142,42.76,96,100,6.42,overcast clouds
68,Arraial Do Cabo,BR,-22.9661,-42.0278,80.56,69,40,10.36,scattered clouds
69,Saint George,US,37.1041,-113.5841,66.67,29,1,0.0,clear sky
70,Motygino,RU,58.1831,94.7592,23.02,95,100,12.21,light snow
71,Awbari,LY,26.5921,12.7805,78.71,14,99,8.25,overcast clouds
72,Kysyl-Syr,RU,63.8986,122.7617,-8.59,99,99,4.63,overcast clouds
73,Davidson,US,36.1501,-86.7833,53.89,46,75,5.75,broken clouds
74,Albany,US,42.6001,-73.9662,32.65,73,100,5.03,overcast clouds
75,Jamestown,US,42.097,-79.2353,36.72,86,90,11.5,light rain
76,Soe,ID,-9.8607,124.284,68.11,90,100,3.38,overcast clouds
77,Acarau,BR,-2.8856,-40.12,87.1,60,90,17.4,overcast clouds
78,Malyye Derbety,RU,47.9547,44.6808,43.29,89,27,7.67,scattered clouds
79,Turukhansk,RU,65.8167,87.9833,-5.6,100,97,3.24,overcast clouds
80,Codrington,AU,-38.2667,141.9667,46.08,95,4,8.05,clear sky
81,Muisne,EC,0.6,-80.0333,77.41,83,98,11.36,overcast clouds
82,Esperance,AU,-33.8667,121.9,68.29,58,100,11.92,overcast clouds
83,Deputatskiy,RU,69.3,139.9,-11.72,95,100,5.5,overcast clouds
84,Jeremie,HT,18.65,-74.1167,82.06,69,20,6.87,few clouds
85,Lagoa,PT,39.05,-27.9833,60.42,56,85,2.46,overcast clouds
86,Kapaa,US,22.0752,-159.319,71.92,78,20,5.75,few clouds
87,Tasiilaq,GL,65.6145,-37.6368,26.76,98,98,1.9,overcast clouds
88,Fuxin,CN,42.0156,121.6589,30.87,88,10,4.59,clear sky
89,Saint-Philippe,RE,-21.3585,55.7679,76.59,84,58,3.6,broken clouds
90,Alice Springs,AU,-23.7,133.8833,56.75,77,0,0.0,clear sky
91,Baishishan,CN,43.5833,127.5667,34.11,97,90,9.98,light rain
92,Ziro,IN,27.6333,93.8333,38.39,71,0,2.73,clear sky
93,Iqaluit,CA,63.7506,-68.5145,24.53,63,90,10.36,overcast clouds
94,Plerin,FR,48.5425,-2.7798,42.28,87,75,5.75,broken clouds
95,Hamilton,US,39.1834,-84.5333,45.45,57,1,11.5,clear sky
96,Vaini,TO,-21.2,-175.2,77.16,78,20,9.22,few clouds
97,Marawi,PH,7.9986,124.2928,68.54,92,86,1.88,overcast clouds
98,Leningradskiy,RU,69.3833,178.4167,-21.23,94,62,10.83,broken clouds
99,Lompoc,US,34.6391,-120.4579,70.52,20,1,3.44,clear sky
100,Georgetown,MY,5.4112,100.3354,76.95,94,20,0.0,few clouds
101,Suvorovo,BG,43.3333,27.6,54.01,82,85,9.55,overcast clouds
102,Qaqortoq,GL,60.7167,-46.0333,36.1,97,100,6.46,moderate rain
103,Mataura,NZ,-46.1927,168.8643,41.85,88,76,1.32,broken clouds
104,Rio Gallegos,AR,-51.6226,-69.2181,71.65,9,75,39.12,broken clouds
105,Grindavik,IS,63.8424,-22.4338,43.27,100,90,14.97,mist
106,Carnarvon,AU,-24.8667,113.6333,77.07,61,2,17.27,clear sky
107,Kapit,MY,2.0167,112.9333,72.57,99,100,1.52,overcast clouds
108,Talas,TR,38.6908,35.5538,45.27,87,40,2.3,scattered clouds
109,Muzhi,RU,65.3667,64.6667,4.03,89,100,4.16,overcast clouds
110,Nikolskoye,RU,59.7035,30.7861,24.69,93,94,4.76,overcast clouds
111,Bengkulu,ID,-3.8004,102.2655,76.53,86,94,4.79,overcast clouds
112,Palembang,ID,-2.9167,104.7458,76.32,80,100,2.24,overcast clouds
113,East London,ZA,-33.0153,27.9116,67.14,82,0,8.05,clear sky
114,Chuy,UY,-33.6971,-53.4616,69.03,93,100,5.35,light rain
115,Kurumkan,RU,54.3,110.3,2.46,95,100,1.1,overcast clouds
116,Parkersburg,US,39.2667,-81.5615,46.38,70,90,5.75,overcast clouds
117,Harper,LR,4.375,-7.7169,80.31,78,44,5.12,scattered clouds
118,Solnechnyy,RU,50.7214,136.6319,12.38,95,100,2.35,overcast clouds
119,Tahta,EG,26.7693,31.5021,71.92,16,56,4.45,broken clouds
120,Ribeira Grande,PT,38.5167,-28.7,64.8,59,20,4.61,few clouds
121,Tiksi,RU,71.6872,128.8694,-11.83,98,100,6.42,overcast clouds
122,Luderitz,NA,-26.6481,15.1594,63.84,76,2,11.39,clear sky
123,Makakilo City,US,21.3469,-158.0858,71.92,79,1,4.61,clear sky
124,Sitka,US,57.0531,-135.33,33.69,80,90,20.71,snow
125,Atuona,PF,-9.8,-139.0333,78.22,73,2,19.35,clear sky
126,Kodiak,US,57.79,-152.4072,6.31,56,1,6.91,clear sky
127,Les Cayes,HT,18.2,-73.75,84.58,60,19,9.15,few clouds
128,Merauke,ID,-8.4667,140.3333,80.74,76,98,3.02,overcast clouds
129,Zhumadian,CN,32.9794,114.0294,45.14,88,0,4.43,clear sky
130,Seoul,KR,37.5683,126.9778,36.84,86,100,2.3,mist
131,Saint-Joseph,RE,-21.3667,55.6167,75.58,85,50,1.1,light rain
132,Pergamino,AR,-33.89,-60.5736,66.81,75,100,19.44,overcast clouds
133,Saskylakh,RU,71.9167,114.0833,-13.74,98,100,5.39,overcast clouds
134,Bone,DE,51.9669,12.1396,36.27,81,64,3.96,broken clouds
135,Uige,AO,-7.6087,15.0613,68.85,95,94,2.21,light rain
136,Thompson,CA,55.7435,-97.8558,5.16,85,75,3.44,broken clouds
137,Torbay,CA,47.6666,-52.7314,48.97,71,40,11.5,scattered clouds
138,Kununurra,AU,-15.7667,128.7333,76.98,83,11,2.3,few clouds
139,Peniche,PT,39.3558,-9.3811,56.68,86,79,18.9,broken clouds
140,Sungaipenuh,ID,-2.0833,101.3833,62.2,95,74,1.99,broken clouds
141,Savannah Bight,HN,16.45,-85.85,80.65,66,43,4.0,scattered clouds
142,Newport,GB,51.5877,-2.9984,41.54,85,83,14.5,broken clouds
143,Labuhan,ID,-6.8844,112.2051,76.32,90,100,3.4,light rain
144,Akhtanizovskaya,RU,45.32,37.1,57.67,89,99,27.76,overcast clouds
145,Gillette,US,44.2911,-105.5022,54.52,35,1,18.41,clear sky
146,Alofi,NU,-19.0595,-169.9187,76.89,65,91,11.5,overcast clouds
147,Karratha,AU,-20.7377,116.8463,81.88,63,3,5.3,clear sky
148,Kasaragod,IN,12.5,75.0,83.46,93,100,4.29,overcast clouds
149,Dalvik,IS,65.9702,-18.5286,26.53,95,100,5.88,snow
150,Ambanja,MG,-13.6833,48.45,76.68,89,100,0.56,moderate rain
151,Hobart,AU,-42.8794,147.3294,48.06,93,20,5.75,few clouds
152,Puerto Escondido,MX,15.85,-97.0667,86.83,66,40,5.75,scattered clouds
153,Butaritari,KI,3.0707,172.7902,81.07,79,75,13.04,broken clouds
154,Souillac,MU,-20.5167,57.5167,77.38,78,20,4.61,few clouds
155,Adrar,MR,20.5022,-10.0711,67.89,23,0,11.79,clear sky
156,Koster,ZA,-25.863,26.8976,68.47,47,4,6.6,clear sky
157,Severnoye,RU,56.3491,78.3619,13.41,96,98,6.53,overcast clouds
158,Tura,IN,25.5198,90.2201,60.04,70,3,3.69,clear sky
159,Hasaki,JP,35.7333,140.8333,37.8,51,2,6.29,clear sky
160,Margate,GB,51.3813,1.3862,37.11,77,83,23.15,broken clouds
161,Jalu,LY,29.0331,21.5482,78.48,20,100,11.65,overcast clouds
162,Amapa,BR,1.0,-52.0,77.92,93,61,2.33,broken clouds
163,Bujaru,BR,-1.515,-48.0447,73.42,63,44,3.27,scattered clouds
164,Fairbanks,US,64.8378,-147.7164,-23.8,72,20,0.0,light snow
165,Qui Nhon,VN,13.7667,109.2333,76.75,92,100,11.03,moderate rain
166,Vestmanna,FO,62.1564,-7.1664,34.72,80,90,6.91,light intensity drizzle
167,Pevek,RU,69.7008,170.3133,-0.65,84,98,2.71,overcast clouds
168,Nixa,US,37.0434,-93.2944,53.65,43,8,6.49,clear sky
169,Kijang,KR,35.2442,129.2139,38.93,41,100,5.5,overcast clouds
170,Isangel,VU,-19.55,169.2667,77.11,83,100,6.2,light rain
171,Ostersund,SE,63.1792,14.6357,18.05,100,0,9.22,clear sky
172,Vanavara,RU,60.34,102.2797,3.85,99,99,3.47,overcast clouds
173,Boa Vista,BR,2.8197,-60.6733,93.18,40,75,16.11,broken clouds
174,Jacobina,BR,-11.1806,-40.5183,73.76,83,100,4.25,overcast clouds
175,Bowen,AU,-20.0167,148.2333,75.42,82,99,12.12,light rain
176,Kaitangata,NZ,-46.2817,169.8464,45.46,74,74,6.96,broken clouds
177,Carballo,ES,43.213,-8.691,53.29,93,98,8.84,overcast clouds
178,Cayenne,GF,4.9333,-52.3333,87.84,66,75,11.5,light rain
179,Talnakh,RU,69.4865,88.3972,-14.87,97,83,2.13,broken clouds
180,Beringovskiy,RU,63.05,179.3167,4.57,95,99,4.97,overcast clouds
181,College,US,64.8569,-147.8028,-22.34,73,75,0.0,mist
182,Sao Filipe,CV,14.8961,-24.4956,77.95,69,58,13.76,broken clouds
183,Woodward,US,36.4337,-99.3904,56.43,40,1,6.91,clear sky
184,Nyurba,RU,63.2842,118.3319,-14.35,100,83,3.04,broken clouds
185,Broome,US,42.2506,-75.833,30.97,100,90,4.61,mist
186,Bredasdorp,ZA,-34.5322,20.0403,65.68,74,54,11.9,broken clouds
187,Vila,PT,42.0304,-8.1588,43.68,98,100,4.63,overcast clouds
188,Geraldton,AU,-28.7667,114.6,68.41,88,90,12.66,moderate rain
189,Landeck,AT,47.1301,10.5636,30.94,97,100,2.62,overcast clouds
190,Damietta,EG,31.4165,31.8133,69.69,65,76,6.04,broken clouds
191,Kavaratti,IN,10.5669,72.642,81.97,74,93,7.49,overcast clouds
192,Laguna,US,38.421,-121.4238,66.7,72,1,5.75,clear sky
193,Port Hardy,CA,50.6996,-127.4199,48.38,93,90,6.91,mist
194,Necochea,AR,-38.5473,-58.7368,62.58,90,100,6.67,light rain
195,Belmopan,BZ,17.25,-88.7667,84.58,55,42,3.62,scattered clouds
196,Beira,MZ,-19.8436,34.8389,73.33,69,0,8.84,clear sky
197,Sterling,US,39.0062,-77.4286,58.86,39,40,10.36,scattered clouds
198,Casablanca,MA,33.5928,-7.6192,57.42,58,20,2.3,few clouds
199,Udachnyy,RU,66.4167,112.4,-21.5,97,100,3.15,overcast clouds
200,Havoysund,NO,70.9963,24.6622,12.43,88,41,15.1,scattered clouds
201,Camana,PE,-16.6228,-72.7111,70.12,75,68,9.53,broken clouds
202,Airai,TL,-8.9266,125.4092,61.12,91,98,0.58,overcast clouds
203,Vanimo,PG,-2.6741,141.3028,76.89,89,100,3.8,overcast clouds
204,Pemangkat,ID,1.1667,108.9667,77.41,81,92,5.93,overcast clouds
205,Kommunar,RU,59.6206,30.39,24.33,96,97,4.09,overcast clouds
206,Hambantota,LK,6.1241,81.1185,77.99,86,100,4.21,overcast clouds
207,Buala,SB,-8.145,159.5921,79.99,82,86,5.37,light rain
208,Kalmar,SE,56.6616,16.3616,35.53,93,75,9.22,broken clouds
209,Nalut,LY,30.3333,10.85,58.1,76,51,17.34,broken clouds
210,Forio,IT,40.7342,13.8646,52.09,53,100,24.54,overcast clouds
211,Qaanaaq,GL,77.484,-69.3632,-8.23,83,51,7.27,broken clouds
212,Corinto,GR,37.9407,22.9573,66.0,71,13,6.42,few clouds
213,Severnyy-Kospashskiy,RU,59.0925,57.8008,24.49,94,100,11.12,light snow
214,Bairiki,KI,1.3292,172.9752,80.6,78,75,9.22,broken clouds
215,Kruisfontein,ZA,-34.0033,24.7314,64.72,74,21,21.94,few clouds
216,Batagay-Alyta,RU,67.8006,130.4114,-16.42,92,100,4.07,overcast clouds
217,Srednekolymsk,RU,67.45,153.6833,-33.03,98,100,7.34,overcast clouds
218,Gamba,GA,-2.65,10.0,77.99,86,63,9.73,moderate rain
219,Ancud,CL,-41.8697,-73.8203,60.33,63,82,10.09,broken clouds
220,Mount Gambier,AU,-37.8333,140.7667,46.31,100,2,5.75,clear sky
221,Yaan,NG,7.3833,8.5667,86.02,31,74,3.04,broken clouds
222,Husavik,IS,66.0449,-17.3389,26.51,93,100,7.09,light snow
223,Pangai,TO,-19.8,-174.35,77.11,57,20,18.41,few clouds
224,Morant Bay,JM,17.8815,-76.4093,87.42,63,53,10.07,broken clouds
225,Lindi,TZ,-10.0,39.7167,78.21,77,47,5.91,scattered clouds
226,Usinsk,RU,65.9939,57.5281,10.94,92,100,14.88,light snow
227,Cabo San Lucas,MX,22.8909,-109.9124,77.31,69,90,5.75,overcast clouds
228,Kalmunai,LK,7.4167,81.8167,78.75,85,99,4.43,overcast clouds
229,Axim,GH,4.8699,-2.2405,80.33,80,68,5.79,light rain
230,Vernon,CA,50.2581,-119.2691,43.16,93,100,4.61,overcast clouds
231,Yakeshi,CN,49.2833,120.7333,4.23,99,82,5.12,broken clouds
232,Rocha,UY,-34.4833,-54.3333,67.77,92,100,8.14,overcast clouds
233,Fonte Boa,BR,-2.4959,-66.2662,91.24,52,96,1.43,overcast clouds
234,Riyadh,SA,24.6877,46.7219,66.34,30,0,8.79,clear sky
235,Hebi,CN,35.8992,114.1925,45.37,78,8,3.09,clear sky
236,Bichura,RU,50.5881,107.6022,10.47,92,100,1.83,overcast clouds
237,Svetlyy,RU,54.675,20.1347,35.65,91,99,6.15,overcast clouds
238,New Norfolk,AU,-42.7826,147.0587,47.7,98,19,2.62,few clouds
239,Ketegyhaza,HU,46.5333,21.1833,55.56,78,99,12.17,overcast clouds
240,Itarema,BR,-2.9248,-39.9167,86.72,60,96,15.77,overcast clouds
241,Dabola,GN,10.75,-11.1167,82.36,37,5,2.73,clear sky
242,Zhigansk,RU,66.7697,123.3711,-11.18,99,99,4.76,overcast clouds
243,Sisimiut,GL,66.9395,-53.6735,30.13,86,100,8.88,overcast clouds
244,Moindou,NC,-21.6924,165.677,71.55,79,87,4.23,overcast clouds
245,Jaboatao,BR,-8.1803,-35.0014,85.39,70,40,9.22,scattered clouds
246,Jieshi,CN,22.8134,115.8257,67.21,81,10,9.57,clear sky
247,Maniitsoq,GL,65.4167,-52.9,37.24,94,100,14.12,light rain
248,Esplanada,BR,-11.7961,-37.945,73.36,95,98,5.48,light rain
249,Basco,PH,20.4487,121.9702,78.19,85,100,27.74,moderate rain
250,Bay Roberts,CA,47.5999,-53.2648,49.75,73,8,15.77,clear sky
251,Angoche,MZ,-16.2325,39.9086,76.86,65,1,13.29,clear sky
252,Warrington,GB,53.3925,-2.5802,34.48,100,75,6.91,broken clouds
253,Lao Cai,VN,22.4833,103.95,62.35,92,46,1.61,scattered clouds
254,Honningsvag,NO,70.9821,25.9704,11.95,79,75,18.41,light shower snow
255,Kulhudhuffushi,MV,6.6221,73.07,80.31,79,100,7.34,overcast clouds
256,Ambilobe,MG,-13.2,49.05,77.81,81,100,3.06,light rain
257,Cherskiy,RU,68.75,161.3,-5.48,99,100,5.1,overcast clouds
258,Shimanovsk,RU,52.0,127.7,8.6,74,100,9.57,overcast clouds
259,Oranjestad,AW,12.524,-70.027,85.95,70,20,17.27,few clouds
260,Leshukonskoye,RU,64.8989,45.7622,10.51,93,100,6.8,overcast clouds
261,Lebu,CL,-37.6167,-73.65,57.7,62,1,18.92,clear sky
262,Aswan,EG,24.0934,32.907,79.23,24,0,9.89,clear sky
263,Port-Gentil,GA,-0.7193,8.7815,80.56,83,20,12.66,light rain
264,Flinders,AU,-34.5833,150.8552,56.48,88,9,6.73,clear sky
265,Cerrik,AL,41.0317,19.9758,62.15,90,100,7.29,overcast clouds
266,Starosubkhangulovo,RU,53.1031,57.4423,17.51,90,100,2.91,overcast clouds
267,Daoukro,CI,7.0591,-3.9631,82.11,56,48,0.67,scattered clouds
268,Weligama,LK,5.9667,80.4167,76.23,91,98,3.94,overcast clouds
269,Namibe,AO,-15.1961,12.1522,70.02,75,89,9.04,overcast clouds
270,Anloga,GH,5.7947,0.8973,84.42,76,48,10.76,scattered clouds
271,Narsaq,GL,60.9167,-46.05,35.82,98,100,5.64,moderate rain
272,Corrente,BR,-3.7367,-43.3394,96.48,31,79,2.66,broken clouds
273,Machali,CL,-34.1833,-70.6667,78.08,25,0,11.5,clear sky
274,Rognan,NO,67.0953,15.3878,26.74,68,100,8.23,overcast clouds
275,Sinnamary,GF,5.3833,-52.95,83.57,65,63,9.78,broken clouds
276,Nome,US,64.5011,-165.4064,-18.33,69,1,6.91,clear sky
277,Castro,BR,-24.7911,-50.0119,83.17,37,73,8.16,broken clouds
278,Wanning,CN,18.8003,110.3967,72.99,81,100,12.64,overcast clouds
279,Conde,BR,-7.2597,-34.9075,85.46,66,40,11.5,scattered clouds
280,Klaksvik,FO,62.2266,-6.589,36.52,74,100,6.33,overcast clouds
281,Aljezur,PT,37.3191,-8.8033,55.42,70,11,13.94,few clouds
282,Cockburn Town,TC,21.4612,-71.1419,80.56,65,40,10.36,scattered clouds
283,San Rafael,AR,-34.6177,-68.3301,77.67,20,0,5.03,clear sky
284,Gat,IL,31.61,34.7642,65.08,41,25,0.6,scattered clouds
285,Mogadishu,SO,2.0371,45.3438,81.75,75,16,10.58,few clouds
286,Petrivka,UA,46.9695,30.9591,52.25,98,75,6.55,broken clouds
287,Gogrial,SS,8.5332,28.1004,89.6,27,67,3.36,broken clouds
288,Dingle,PH,10.9995,122.6711,75.72,93,100,7.47,overcast clouds
289,Cabano,PH,10.5869,122.7002,79.68,83,100,10.8,overcast clouds
290,Sayyan,YE,15.1718,44.3244,52.05,42,2,4.85,clear sky
291,Najran,SA,17.4924,44.1277,65.05,32,0,4.09,clear sky
292,Sandwick,GB,60.0,-1.25,33.62,75,20,11.5,few clouds
293,Cercal,PT,37.806,-8.6715,52.93,68,25,10.11,scattered clouds
294,Berlevag,NO,70.8578,29.0864,10.4,88,39,16.22,scattered clouds
295,Lunenburg,CA,44.3835,-64.3155,41.05,65,66,13.8,broken clouds
296,Sawtell,AU,-30.3833,153.1,64.72,94,90,10.36,overcast clouds
297,Bolitoc,PH,15.7395,119.8769,79.5,77,86,3.09,overcast clouds
298,Kontagora,NG,10.3999,5.4695,83.1,18,96,1.63,overcast clouds
299,Aragarcas,BR,-15.8975,-52.2508,97.45,46,40,9.22,scattered clouds
300,Preobrazheniye,RU,42.9019,133.9064,39.27,84,100,8.19,overcast clouds
301,Upata,VE,8.0086,-62.3989,79.93,73,59,4.52,broken clouds
302,Krasnoselkup,RU,65.7,82.4667,-14.21,100,60,7.99,broken clouds
303,Provideniya,RU,64.3833,-173.3,-5.51,77,3,4.94,clear sky
304,Singkang,MY,2.1006,102.7994,76.89,88,100,4.43,overcast clouds
305,Ponta Do Sol,PT,32.6667,-17.1,63.23,76,46,8.61,scattered clouds
306,Rawson,AR,-43.3002,-65.1023,74.34,24,63,15.59,broken clouds
307,Kahului,US,20.8947,-156.47,75.22,73,20,10.36,few clouds
308,Fayaoue,NC,-20.65,166.5333,78.84,82,17,13.0,few clouds
309,Aygedzor,AM,38.9785,46.2079,36.09,62,81,7.09,broken clouds
310,Byron Bay,AU,-28.65,153.6167,67.95,88,98,9.13,overcast clouds
311,Sur,OM,22.5667,59.5289,75.16,55,0,2.01,clear sky
312,Fevik,NO,58.3794,8.6766,28.17,70,100,23.2,light snow
313,Kavieng,PG,-2.5744,150.7967,80.98,80,70,9.08,moderate rain
314,Roald,NO,62.5833,6.1333,26.74,68,0,11.5,clear sky
315,Tynda,RU,55.1667,124.7167,-8.48,96,5,3.02,clear sky
316,Izoplit,RU,56.6256,36.222,32.99,93,100,5.95,overcast clouds
317,Yei,SS,4.095,30.6779,69.57,88,67,3.91,light rain
318,Honiara,SB,-9.4333,159.95,78.13,85,77,1.5,broken clouds
319,Ouadda,CF,8.0777,22.4007,79.43,28,51,5.39,broken clouds
320,Silver City,US,32.7701,-108.2803,55.36,24,40,5.75,scattered clouds
321,Lorengau,PG,-2.0226,147.2712,80.1,80,81,2.08,broken clouds
322,Malinyi,TZ,-8.9333,36.1333,77.13,67,44,1.9,scattered clouds
323,Alenquer,BR,-1.9417,-54.7383,86.34,42,64,2.39,broken clouds
324,Prince Rupert,CA,54.3161,-130.3201,44.29,65,90,9.22,light rain
325,Kurtamysh,RU,54.9103,64.4319,21.36,79,100,12.03,overcast clouds
326,Ahipara,NZ,-35.1667,173.1667,59.83,87,99,2.64,overcast clouds
327,Makat,KZ,47.6469,53.3463,31.59,70,98,7.96,overcast clouds
328,Hornepayne,CA,49.2138,-84.7705,26.28,82,100,9.31,overcast clouds
329,Yangjiang,CN,21.85,111.9667,63.95,63,21,5.68,few clouds
330,San Patricio,US,28.017,-97.5169,68.41,65,100,9.98,overcast clouds
331,Maceio,BR,-9.6658,-35.7353,90.84,55,20,13.8,few clouds
332,Yellowknife,CA,62.456,-114.3525,16.32,86,90,18.41,light snow
333,Hofn,IS,64.2539,-15.2082,31.08,96,100,6.46,snow
334,Christchurch,NZ,-43.5333,172.6333,57.4,88,90,6.91,overcast clouds
335,Waipawa,NZ,-41.4122,175.5153,61.43,89,85,3.53,overcast clouds
336,Ipixuna,BR,-1.7625,-48.8043,73.35,64,60,6.33,broken clouds
337,Caravelas,BR,-17.7125,-39.2481,82.71,69,63,12.46,broken clouds
338,Zheleznodorozhnyy,RU,55.7503,38.0042,37.62,93,100,5.46,overcast clouds
339,Belmonte,BR,-15.8631,-38.8828,82.9,83,78,14.76,broken clouds
340,Eureka,US,40.8021,-124.1637,52.41,83,100,4.07,overcast clouds
341,Kenai,US,60.5544,-151.2583,3.25,85,90,4.61,mist
342,Puqi,CN,29.7167,113.8833,54.03,68,67,2.35,broken clouds
343,Sola,VU,-13.8833,167.55,74.07,100,90,0.0,overcast clouds
344,The Valley,AI,18.217,-63.0578,87.66,70,20,11.5,few clouds
345,Point Fortin,TT,10.1833,-61.6833,87.73,69,76,9.06,broken clouds
346,Bonavista,CA,48.6499,-53.1147,42.8,76,7,22.26,clear sky
347,Banda Aceh,ID,5.5577,95.3222,77.72,81,100,1.28,moderate rain
348,Flin Flon,CA,54.7682,-101.865,12.04,79,90,4.61,overcast clouds
349,Aniva,RU,46.7144,142.5294,17.71,85,72,5.64,broken clouds
350,Datong,CN,40.0936,113.2914,33.37,59,91,6.46,overcast clouds
351,Hammond,US,41.5834,-87.5,39.4,50,40,14.97,scattered clouds
352,Nizhniy Kuranakh,RU,58.8353,125.4869,-5.91,96,100,4.09,overcast clouds
353,Brae,GB,60.3964,-1.353,33.71,54,87,11.12,overcast clouds
354,Khash,IR,28.2211,61.2158,54.55,35,1,4.12,clear sky
355,Sabang,ID,5.8933,95.3214,80.55,73,100,0.94,overcast clouds
356,Soyo,AO,-6.1349,12.3689,82.45,85,72,8.97,broken clouds
357,South Lake Tahoe,US,38.9332,-119.9844,44.65,57,1,3.44,clear sky
358,Constitucion,CL,-35.3333,-72.4167,66.45,49,0,19.93,clear sky
359,Puerto Carreno,CO,6.189,-67.4859,92.23,48,25,8.63,scattered clouds
360,General Roca,AR,-39.0333,-67.5833,81.0,14,2,12.03,clear sky
361,Skibbereen,IE,51.55,-9.2667,49.8,85,97,15.86,overcast clouds
362,Sakakah,SA,29.9697,40.2064,65.77,31,3,5.46,clear sky
363,Bambanglipuro,ID,-7.95,110.2833,76.15,85,97,2.8,overcast clouds
364,Manali,IN,13.1667,80.2667,75.29,93,100,11.61,light rain
365,Ocos,GT,14.5094,-92.1933,91.9,70,73,6.26,broken clouds
366,Moerai,PF,-22.4333,-151.3333,77.5,86,100,14.18,light rain
367,Omboue,GA,-1.5746,9.2618,76.73,88,73,6.58,light rain
368,Varhaug,NO,58.6147,5.6457,31.55,69,90,7.36,overcast clouds
369,Sokoni,TZ,-6.4333,39.55,80.46,78,85,13.02,overcast clouds
370,Lavrentiya,RU,65.5833,-171.0,-12.5,91,3,5.03,clear sky
371,Tuatapere,NZ,-46.1333,167.6833,44.91,84,74,3.22,broken clouds
372,Ngunguru,NZ,-35.6167,174.5,60.64,82,96,3.42,overcast clouds
373,Ostrovnoy,RU,68.0531,39.5131,12.63,87,87,6.98,overcast clouds
374,Rio Grande,BR,-32.035,-52.0986,77.11,82,100,11.01,moderate rain
375,Jega,NG,12.2175,4.3792,85.14,14,78,8.93,broken clouds
376,Tarakan,ID,3.3,117.6333,74.7,94,75,5.75,broken clouds
377,Takab,IR,36.4009,47.1133,42.96,74,45,4.9,scattered clouds
378,Saint-Ambroise,CA,48.5501,-71.3324,23.54,79,100,9.4,overcast clouds
379,Lazaro Cardenas,MX,17.9583,-102.2,85.6,50,39,3.58,scattered clouds
380,Pachino,IT,36.7186,15.0907,55.44,66,95,21.07,overcast clouds
381,Victoria,HK,22.2855,114.1577,69.78,73,6,7.27,clear sky
382,Shimoda,JP,34.6667,138.95,42.91,57,22,4.52,few clouds
383,Salvador,SV,13.8333,-88.9167,84.6,45,78,3.29,broken clouds
384,Nioro,GM,13.35,-15.75,94.51,18,46,8.95,scattered clouds
385,Martapura,ID,-3.4167,114.85,73.49,99,90,6.91,mist
386,Mahebourg,MU,-20.4081,57.7,77.29,78,20,4.61,few clouds
387,Anuradhapura,LK,8.3565,80.4173,74.17,95,100,4.12,overcast clouds
388,Slave Lake,CA,55.2834,-114.769,28.38,93,75,4.61,broken clouds
389,Boffa,GN,10.1667,-14.0333,83.64,73,23,8.79,few clouds
390,Ketchikan,US,55.3422,-131.6461,37.87,87,90,0.0,light rain
391,Dukhovshchina,RU,55.1919,32.4111,31.98,94,100,5.28,light snow
392,Nabire,ID,-3.3667,135.4833,76.62,91,100,3.76,overcast clouds
393,San Cristobal,VE,7.7669,-72.225,78.98,48,54,5.35,broken clouds
394,Pochutla,MX,15.7432,-96.4661,89.42,43,100,5.39,overcast clouds
395,Snezhnogorsk,RU,69.1933,33.2531,2.7,94,34,9.62,scattered clouds
396,Nicoya,CR,10.1483,-85.452,87.35,67,53,12.39,broken clouds
397,Salalah,OM,17.0151,54.0924,77.09,73,0,4.61,clear sky
398,Palestine,PS,31.9216,35.2033,56.62,33,23,4.34,few clouds
399,Gboko,NG,7.3179,8.9951,87.39,27,66,4.85,broken clouds
400,Kropotkin,RU,45.4375,40.5756,53.87,68,100,6.24,light rain
401,Krieglach,AT,47.5333,15.55,30.11,97,100,3.0,overcast clouds
402,Abnub,EG,27.2696,31.1511,71.82,19,56,7.63,broken clouds
403,Nguruka,TZ,-5.1092,31.0419,70.83,68,62,4.38,broken clouds
404,Jawhar,SO,2.7809,45.5005,77.47,81,34,9.42,scattered clouds
405,Outjo,NA,-20.1167,16.15,81.84,21,70,7.14,broken clouds
406,Sijunjung,ID,-0.6876,100.9537,70.52,92,95,2.66,overcast clouds
407,Gotsu,JP,35.0,132.2167,46.24,67,85,5.79,overcast clouds
408,Nanakuli,US,21.3906,-158.1547,73.35,82,1,4.61,clear sky
409,Cap Malheureux,MU,-19.9842,57.6142,77.49,70,22,6.67,few clouds
410,Bridlington,GB,54.0831,-0.1919,33.98,77,80,17.11,light snow
411,Ube,JP,33.9431,131.2511,44.55,74,6,4.25,clear sky
412,Tiarei,PF,-17.5333,-149.3333,82.42,79,62,15.88,light rain
413,Wajir,KE,1.7471,40.0573,80.56,78,0,0.0,clear sky
414,Barra Patuca,HN,15.8,-84.2833,81.79,65,29,7.99,scattered clouds
415,Karsava,LV,56.7841,27.6883,31.8,96,100,2.93,overcast clouds
416,Kawalu,ID,-7.3817,108.2082,71.11,95,48,0.81,scattered clouds
417,Kamwenge,UG,0.1866,30.4539,62.98,99,100,0.85,light rain
418,Atar,MR,20.5169,-13.0499,75.25,35,0,18.41,sand
419,Ojinaga,MX,29.5667,-104.4167,59.95,63,90,0.0,overcast clouds
420,Shintomi,JP,32.0785,131.4723,46.27,81,1,4.41,clear sky
421,Lata,PT,40.1629,-8.3327,54.01,97,94,5.3,overcast clouds
422,Vardo,NO,70.3705,31.1107,15.78,86,40,13.8,light shower snow
423,Kangaatsiaq,GL,68.3065,-53.4641,20.86,65,100,24.63,overcast clouds
424,Kloulklubed,PW,7.0419,134.2556,79.3,71,96,12.33,overcast clouds
425,Gijon,ES,43.5357,-5.6615,49.46,96,100,11.21,overcast clouds
426,Jining,CN,35.405,116.5814,46.69,85,5,2.53,clear sky
427,Horve,DK,55.7529,11.453,37.72,97,100,13.38,overcast clouds
428,Toba,JP,34.4833,136.85,41.0,59,97,5.93,overcast clouds
429,Nizwa,OM,22.9333,57.5333,69.62,43,0,5.14,clear sky
430,Haapiti,PF,-17.5667,-149.8667,82.13,77,63,15.5,light rain
431,Hukuntsi,BW,-24.0,21.75,81.75,10,3,9.95,clear sky
432,Xam Nua,LA,20.4197,104.0439,52.0,98,91,1.3,overcast clouds
433,Flekkefjord,NO,58.2971,6.6607,31.46,69,100,13.62,light snow
434,Beloomut,RU,54.9448,39.3394,31.59,93,100,5.14,overcast clouds
435,Maragogi,BR,-9.0122,-35.2225,82.4,72,64,13.78,broken clouds
436,Alyangula,AU,-13.8483,136.4192,71.47,100,49,4.61,scattered clouds
437,Egvekinot,RU,66.3167,-179.1667,-7.29,97,100,1.12,overcast clouds
438,Estevan,CA,49.1334,-102.9842,35.94,75,90,8.05,overcast clouds
439,Krivodol,BG,43.3744,23.4844,54.81,62,100,4.47,overcast clouds
440,Jacareacanga,BR,-6.2222,-57.7528,93.25,44,97,2.1,overcast clouds
441,Segovia,ES,41.1667,-4.0,36.79,92,100,18.57,overcast clouds
442,Saldanha,ZA,-33.0117,17.9442,66.25,85,0,5.77,clear sky
443,Umm Kaddadah,SD,13.6017,26.6876,75.56,21,5,11.39,clear sky
444,Bathsheba,BB,13.2167,-59.5167,86.61,66,40,16.11,scattered clouds
445,Comodoro Rivadavia,AR,-45.8667,-67.5,78.66,21,0,28.77,clear sky
446,Kailua,US,21.4022,-157.7394,73.38,72,60,14.2,broken clouds
447,Mongoumba,CF,3.6415,18.5936,78.08,43,100,1.41,overcast clouds
448,Troy,US,42.6056,-83.1499,37.04,93,90,9.22,snow
449,Talara,PE,-4.5772,-81.2719,77.76,61,0,18.41,clear sky
450,Linxia,CN,35.6003,103.2064,23.04,93,100,3.4,snow
451,Bagn,NO,60.8225,9.5521,18.37,97,58,2.55,broken clouds
452,Sorland,NO,67.667,12.6934,31.86,56,100,14.03,overcast clouds
453,Nalobikha,RU,53.2006,84.6039,14.45,91,86,6.69,overcast clouds
454,Iquique,CL,-20.2208,-70.1431,69.84,71,96,5.73,overcast clouds
455,Inta,RU,66.0317,60.1659,14.16,88,100,14.9,overcast clouds
456,Naron,ES,43.5167,-8.1528,54.45,89,99,14.94,overcast clouds
457,Okha,RU,53.5739,142.9478,22.26,71,100,8.5,overcast clouds
458,Kholtoson,RU,50.2981,103.3097,3.11,91,31,4.07,scattered clouds
459,Chau Doc,VN,10.7,105.1167,74.3,89,100,8.68,overcast clouds
460,Yatou,CN,37.15,122.3833,49.42,84,97,5.26,overcast clouds
461,Jiexiu,CN,37.0244,111.9125,43.9,56,100,7.74,overcast clouds
462,Daru,PG,-9.0763,143.2092,79.3,80,100,3.04,overcast clouds
463,Halifax,CA,44.6453,-63.5724,41.05,65,100,16.11,overcast clouds
464,Hondo,JP,32.45,130.2,53.1,69,79,4.63,broken clouds
465,Waingapu,ID,-9.6567,120.2641,79.23,83,100,4.03,moderate rain
466,Sao Felix Do Xingu,BR,-6.6447,-51.995,87.66,59,92,3.0,overcast clouds
467,Tutoia,BR,-2.7619,-42.2744,89.58,69,94,12.55,overcast clouds
468,Bartica,GY,6.4,-58.6167,89.92,87,100,3.33,overcast clouds
469,Severomuysk,RU,56.1481,113.4267,-8.5,93,100,2.19,overcast clouds
470,Parabel,RU,58.6978,81.4825,26.78,95,100,7.36,overcast clouds
471,Hualmay,PE,-11.0964,-77.6139,71.38,73,52,10.18,broken clouds
472,San Lorenzo De El Escorial,ES,40.5914,-4.1474,41.43,85,62,18.75,broken clouds
473,Chikwawa,MW,-16.0335,34.8009,76.14,53,0,1.99,clear sky
474,Cuiluan,CN,47.72,128.648,17.55,94,100,5.61,light snow
475,Havelock,US,34.8791,-76.9013,64.38,33,88,10.04,overcast clouds
476,Mareeba,AU,-17.0,145.4333,70.52,99,35,2.55,scattered clouds
477,Saint-Pierre,RE,-21.3393,55.4781,76.68,78,90,5.75,light rain
478,Haines Junction,CA,60.7522,-137.5108,-22.05,69,100,1.14,overcast clouds
479,Sillamae,EE,59.3997,27.7547,27.1,91,100,12.12,light snow
480,Atasu,KZ,48.6814,71.6433,13.8,66,12,7.76,few clouds
481,Tacuarembo,UY,-31.7333,-55.9833,65.44,96,100,7.29,overcast clouds
482,Boali,CF,4.8005,18.1275,82.27,36,99,3.33,overcast clouds
483,Mount Isa,AU,-20.7333,139.5,76.77,31,40,10.36,scattered clouds
484,Mirnyy,RU,62.5353,113.9611,-16.37,100,69,3.15,broken clouds
485,Rafraf,TN,37.1904,10.1837,48.51,73,100,20.74,overcast clouds
486,Anapskaya,RU,44.89,37.38,57.43,88,40,15.66,scattered clouds
487,Amposta,ES,40.7131,0.581,47.03,63,97,32.3,overcast clouds
488,Kampene,CD,-3.6,26.6667,69.69,96,99,2.66,light rain
489,Puerto Narino,CO,-3.7703,-70.3831,89.55,64,100,2.57,overcast clouds
490,Abu Kamal,SY,34.4506,40.9171,64.89,42,6,7.9,clear sky
491,Port Keats,AU,-14.25,129.55,81.07,73,100,1.34,overcast clouds
492,Henties Bay,NA,-22.116,14.2845,60.84,89,0,7.63,clear sky
493,Ossora,RU,59.2353,163.0719,31.03,99,100,8.97,snow
494,Viransehir,TR,37.2353,39.7631,53.42,73,5,5.66,clear sky
495,Kempsey,AU,-31.0833,152.8333,62.28,89,100,2.48,overcast clouds
496,Regina,CA,50.4501,-104.6178,39.2,80,90,17.27,overcast clouds
497,Berlin,DE,52.5244,13.4105,30.22,100,20,3.44,fog
498,Huancavelica,PE,-12.7667,-74.9833,44.11,63,100,1.86,overcast clouds
499,Mountain Home,US,43.133,-115.6912,44.08,81,1,12.66,clear sky
500,Kikwit,CD,-5.041,18.8162,72.01,92,34,1.66,scattered clouds
501,Baleshwar,IN,21.4942,86.9317,65.34,54,50,5.03,scattered clouds
502,Huarmey,PE,-10.0681,-78.1522,72.21,75,84,10.76,broken clouds
503,Petropavlivka,UA,48.4564,36.4367,49.14,98,100,7.54,overcast clouds
504,Arman,RU,59.7,150.1667,12.29,95,100,5.88,light snow
505,Takoradi,GH,4.8845,-1.7554,80.71,80,99,6.35,overcast clouds
506,Lander,US,42.833,-108.7307,45.41,57,1,3.44,clear sky
507,Vila Franca Do Campo,PT,37.7167,-25.4333,61.21,67,97,4.97,overcast clouds
508,Ghanzi,BW,-21.5667,21.7833,74.82,58,86,6.2,overcast clouds
509,Sikasso,ML,10.9167,-7.0,84.04,21,13,3.4,few clouds
510,Monrovia,LR,6.3005,-10.7969,83.97,75,18,7.65,few clouds
511,Challans,FR,46.8436,-1.8749,39.4,80,29,7.45,scattered clouds
512,Pirai Do Sul,BR,-24.5261,-49.9486,81.77,38,100,5.19,overcast clouds
513,Witu,KE,-2.3889,40.4382,82.56,84,91,6.24,overcast clouds
514,Belaya Gora,RU,68.5333,146.4167,-28.84,100,100,1.61,overcast clouds
515,Sembe,CG,1.6481,14.5806,78.17,61,97,1.14,overcast clouds
516,Dublin,US,37.7021,-121.9358,59.65,67,1,3.44,clear sky
517,Burnie,AU,-41.0667,145.9167,47.98,89,6,5.82,clear sky
518,Akyab,MM,20.15,92.9,74.52,69,100,6.71,overcast clouds
519,Wamba,NG,8.9333,8.6,77.65,26,61,3.29,broken clouds
520,Karachi,PK,24.9056,67.0822,67.82,34,0,4.61,haze
521,Palmas Bellas,PA,9.2319,-80.0867,82.31,89,100,9.28,overcast clouds
522,Gornozavodsk,RU,58.3758,58.3211,25.99,94,100,11.16,light snow
523,Matviyivka,UA,47.0747,35.1444,51.53,98,100,11.7,overcast clouds
524,Kirakira,SB,-10.4544,161.9205,79.88,82,92,5.19,overcast clouds
525,Iberia,US,29.9502,-91.7507,60.87,59,1,5.75,clear sky
526,Lakatoro,VU,-16.0999,167.4164,80.08,79,1,6.6,clear sky
527,Mutare,ZW,-18.9707,32.6709,63.09,71,0,4.0,clear sky
528,Ust-Ishim,RU,57.6935,71.1665,17.65,90,100,6.15,overcast clouds
529,Kasongo-Lunda,CD,-6.4667,16.8167,69.98,95,100,1.36,overcast clouds
530,Tigzirt,DZ,36.8886,4.1198,51.67,66,62,21.56,broken clouds
531,Aktau,KZ,43.65,51.2,41.58,46,67,11.3,broken clouds
532,Port Hedland,AU,-20.3167,118.5667,75.25,73,63,0.0,broken clouds
533,Dongkan,CN,33.9997,119.8308,54.25,87,100,4.7,overcast clouds
534,Padang,ID,-0.9492,100.3543,75.25,86,89,1.88,overcast clouds
535,Manturovo,RU,58.3353,44.7619,35.38,98,100,10.22,overcast clouds
536,Nelson Bay,AU,-32.7167,152.15,60.85,76,100,6.11,overcast clouds
537,Balotra,IN,25.8333,72.2333,72.43,27,4,6.76,clear sky
538,Saint Anthony,US,45.0205,-93.218,37.72,41,1,9.22,clear sky
539,Akropong,GH,5.9746,-0.0854,77.95,78,72,4.61,broken clouds
540,Shache,CN,38.4167,77.2406,29.73,37,17,3.65,few clouds
541,Vila Velha,BR,-20.3297,-40.2925,73.35,88,75,27.63,mist
542,Yulara,AU,-25.2406,130.9889,64.24,36,0,8.05,clear sky
543,Coihaique,CL,-45.5752,-72.0662,59.61,63,75,6.91,light intensity shower rain
544,Waddan,LY,29.1614,16.139,79.03,19,100,12.17,overcast clouds
545,Bontang,ID,0.1333,117.5,75.6,89,100,8.19,overcast clouds
546,Navolato,MX,24.7672,-107.6944,82.58,39,100,5.19,overcast clouds
547,Taoudenni,ML,22.6783,-3.9836,71.28,19,2,8.52,clear sky
548,Pangnirtung,CA,66.1451,-65.7125,26.6,59,90,16.11,overcast clouds
549,Birzai,LT,56.2,24.75,29.89,95,100,5.1,overcast clouds
550,Sao Jose Da Coroa Grande,BR,-8.8978,-35.1478,82.72,71,75,13.2,broken clouds
551,Kivsharivka,UA,49.6213,37.7036,44.73,94,100,7.43,overcast clouds
552,Nacala,MZ,-14.5428,40.6728,76.39,72,93,7.85,overcast clouds
553,San Jeronimo,PE,-11.9472,-75.2829,56.35,67,99,4.74,overcast clouds
554,Myitkyina,MM,25.3833,97.4,58.3,69,9,2.46,clear sky
555,Ibotirama,BR,-12.1853,-43.2206,86.63,51,57,7.61,broken clouds
556,Svetlogorsk,BY,52.6333,29.7333,39.51,95,100,8.99,overcast clouds
557,Vangaindrano,MG,-23.35,47.6,67.32,66,100,2.48,overcast clouds
558,Gondanglegi,ID,-7.7479,112.0132,75.49,85,100,2.89,light rain
559,Bushehr,IR,28.9684,50.8385,69.89,64,0,9.22,clear sky
560,Dejen,ET,10.1667,38.1333,56.32,47,58,8.12,broken clouds
561,Talakan,RU,50.3167,130.3667,14.4,94,100,6.85,light snow
562,Lahaina,US,20.8783,-156.6825,75.2,75,4,11.01,clear sky
563,Takapau,NZ,-40.0333,176.35,59.5,87,39,1.63,scattered clouds
564,Pingdingshan,CN,33.7385,113.3012,46.02,80,2,2.84,clear sky
565,Knysna,ZA,-34.0363,23.0471,66.58,86,93,7.65,overcast clouds
566,Katsuura,JP,35.1333,140.3,48.31,55,1,1.5,clear sky
567,Sibolga,ID,1.7427,98.7792,74.64,89,100,2.3,overcast clouds
568,Panjab,AF,34.388,67.0233,25.88,85,7,1.32,clear sky
569,Quatre Cocos,MU,-20.2078,57.7625,77.11,72,3,5.39,clear sky
570,Chara,RU,56.9064,118.2631,-12.51,81,100,0.92,overcast clouds
571,Kieta,PG,-6.2167,155.6333,78.71,84,100,0.34,light rain
572,San Andres,CO,12.5847,-81.7006,80.62,83,75,16.11,light intensity drizzle
573,Dawei,MM,14.0833,98.2,71.15,80,34,6.67,scattered clouds
574,Oytal,KZ,42.9057,73.2697,32.25,61,15,4.38,few clouds
575,Guerrero Negro,MX,27.9769,-114.0611,76.24,36,0,5.06,clear sky
576,Male,MV,4.1748,73.5089,82.35,78,75,14.97,broken clouds
577,Komsomolskiy,UZ,40.4272,71.7189,34.52,86,16,4.61,mist
578,Mabaruma,GY,8.2,-59.7833,83.57,70,100,6.33,overcast clouds
579,Puerto Del Rosario,ES,28.5004,-13.8627,65.95,68,40,24.16,scattered clouds
580,Cuamba,MZ,-14.8031,36.5372,74.59,54,0,5.64,clear sky
581,Porto Seguro,BR,-16.4497,-39.0647,82.92,74,40,18.41,scattered clouds
582,Thinadhoo,MV,0.5333,72.9333,82.08,72,62,16.62,broken clouds
583,Nampula,MZ,-15.1165,39.2666,75.15,64,0,12.66,clear sky
584,Meulaboh,ID,4.1363,96.1285,74.68,91,100,3.94,moderate rain
585,Nebolchi,RU,59.1239,33.3454,15.75,99,97,0.96,overcast clouds
586,Santa Marta,CO,11.2408,-74.199,84.54,71,99,11.16,overcast clouds
587,Eseka,CM,3.65,10.7667,74.82,92,98,1.16,light rain
588,Hervey Bay,AU,-25.2986,152.8535,71.71,88,52,14.81,broken clouds
589,Tshikapa,CD,-6.4167,20.8,70.77,94,53,1.48,broken clouds
590,Touros,BR,-5.1989,-35.4608,88.7,67,50,12.71,scattered clouds
591,Bagan,RU,54.1001,77.6646,11.23,93,100,7.27,overcast clouds
592,Gari,RU,59.4307,62.3497,26.83,87,100,12.8,overcast clouds
593,Gizo,SB,-8.103,156.8419,82.08,78,95,8.55,light rain
594,Ranibennur,IN,14.6167,75.6167,68.68,91,99,11.23,overcast clouds
595,Menongue,AO,-14.6585,17.691,65.95,89,90,4.16,light rain
596,Phonhong,LA,18.5007,102.4166,66.49,91,72,2.51,broken clouds
597,Faya,SA,18.3851,42.4509,64.51,36,0,6.42,clear sky
598,Mugla,TR,37.2303,28.3557,54.27,72,100,7.14,overcast clouds
599,Mecca,SA,21.4267,39.8261,80.62,56,0,3.94,clear sky
600,Sale,MA,34.0389,-6.8166,53.62,76,40,0.0,scattered clouds
601,Gornopravdinsk,RU,60.05,69.9,24.75,91,100,9.08,overcast clouds
602,San Policarpo,PH,12.1791,125.5072,80.73,83,99,11.5,overcast clouds
603,Miramar,US,25.9873,-80.2323,77.02,53,1,6.91,clear sky
604,Livingston,GB,55.9029,-3.5226,32.18,80,0,1.14,clear sky
605,Kassala,SD,15.451,36.4,83.84,48,6,16.82,clear sky
606,Umm Lajj,SA,25.0213,37.2685,82.85,50,0,9.17,clear sky
607,Fortuna,US,40.5982,-124.1573,52.14,75,46,4.47,scattered clouds
608,Nisia Floresta,BR,-6.0911,-35.2086,88.61,60,44,11.39,scattered clouds
609,Yar-Sale,RU,66.8333,70.8333,-9.76,96,100,7.83,overcast clouds
610,Ivdel,RU,60.6911,60.4206,25.68,88,100,6.38,overcast clouds
611,Kirovskiy,RU,45.0917,133.5136,22.39,89,32,5.66,scattered clouds
612,Glace Bay,CA,46.1969,-59.957,41.45,56,40,17.27,scattered clouds
613,Stokmarknes,NO,68.5646,14.9108,26.58,86,75,3.44,light snow
614,General Higinio Morinigo,PY,-25.95,-55.9167,68.9,93,100,4.47,overcast clouds
615,Dong Hoi,VN,17.4833,106.6,68.13,87,100,13.82,overcast clouds
616,Chenzhou,CN,25.8,113.0333,51.85,89,2,1.39,clear sky
617,Blagoyevo,RU,63.3667,47.9167,18.91,96,100,3.98,light snow
618,Kalevala,RU,65.2,31.1667,4.77,99,92,2.42,overcast clouds
619,Tabou,CI,4.423,-7.3528,79.38,81,17,5.41,few clouds
620,Bodden Town,KY,19.2833,-81.25,84.2,61,20,12.66,few clouds
621,Santa Rosa,PH,14.3122,121.1114,78.78,88,100,7.14,overcast clouds
622,Wylie,US,33.0151,-96.5389,62.71,45,1,9.22,clear sky
623,Leonidovo,RU,49.2833,142.8667,21.58,91,94,3.58,overcast clouds
624,Koumac,NC,-20.5667,164.2833,78.48,79,93,1.92,overcast clouds
625,Tanggu,CN,39.0211,117.6469,39.16,76,66,3.78,broken clouds
626,Pokhara,NP,28.2333,83.9833,56.35,55,2,5.59,clear sky
627,Jamtara,IN,23.95,86.8,65.46,60,19,5.35,few clouds
628,Carolina,PR,18.3808,-65.9574,85.89,67,40,14.97,scattered clouds
629,Bubaque,GW,11.2833,-15.8333,83.53,71,38,13.67,scattered clouds
630,Poya,NC,-21.35,165.15,77.77,81,100,3.62,overcast clouds
631,Aktanysh,RU,55.7216,54.0829,29.73,95,100,14.32,light snow
632,Kollam,IN,8.8833,76.6,75.07,92,100,11.5,overcast clouds
633,Mtwara,TZ,-10.2667,40.1833,79.93,78,20,11.5,few clouds
634,Mwinilunga,ZM,-11.7358,24.4293,61.43,93,47,1.72,light rain
635,Morgan City,US,29.6994,-91.2068,59.0,88,1,3.44,clear sky
636,Samoylovka,RU,51.184,43.7081,41.04,96,98,7.16,overcast clouds
637,Russell,US,32.3502,-85.1999,54.63,37,75,8.05,broken clouds
638,Kitob,UZ,39.0843,66.8332,41.58,57,7,1.14,clear sky
639,Sao Miguel Do Araguaia,BR,-13.275,-50.1628,83.97,71,90,2.75,overcast clouds
640,Marsh Harbour,BS,26.5412,-77.0636,72.57,63,99,2.86,overcast clouds
641,Aasiaat,GL,68.7098,-52.8699,16.0,73,99,17.49,overcast clouds
642,Moose Factory,CA,51.2585,-80.6094,21.2,79,90,2.3,light snow
643,Guadalupe Y Calvo,MX,26.1,-106.9667,62.11,28,15,1.43,few clouds
644,Camacha,PT,33.0833,-16.3333,60.22,67,40,9.22,scattered clouds
645,North Bend,US,43.4065,-124.2243,55.31,94,90,5.75,mist
646,Madang,PG,-5.2246,145.7966,75.92,90,87,3.58,overcast clouds
647,Kedrovyy,RU,56.1667,91.8167,21.61,93,100,13.02,light snow
648,Krizevci,HR,46.0219,16.5425,40.59,94,100,6.42,overcast clouds
649,Kholm-Zhirkovskiy,RU,55.5189,33.4731,32.11,93,100,5.12,overcast clouds
650,Hobyo,SO,5.3505,48.5268,81.48,78,16,15.37,few clouds
651,Payakumbuh,ID,-0.2202,100.6308,68.38,97,99,3.98,overcast clouds
652,Ubinskoye,RU,55.3068,79.6802,12.9,96,100,7.99,overcast clouds
653,Kazerun,IR,29.6195,51.6541,59.49,54,40,1.43,scattered clouds
654,Kuito,AO,-12.3833,16.9333,61.2,93,100,2.01,light rain
655,Sembakung,ID,3.8167,117.25,75.13,100,100,2.44,overcast clouds
656,Cedar City,US,37.6775,-113.0619,45.57,36,1,3.44,clear sky
657,Karonga,MW,-9.9333,33.9333,77.45,69,15,2.44,light rain
658,Lahat,ID,-3.8,103.5333,73.09,78,96,1.83,overcast clouds
659,Half Moon Bay,US,37.4636,-122.4286,60.71,77,1,0.0,clear sky
660,Umba,RU,66.6871,34.3429,4.26,95,19,5.1,few clouds
661,May Pen,JM,17.9645,-77.2451,87.01,53,65,2.93,broken clouds
662,Asau,RO,46.4333,26.4,45.52,78,100,3.44,overcast clouds
663,Wageningen,NL,51.9667,5.6667,35.8,100,90,1.14,fog
664,Praia Da Vitoria,PT,38.7333,-27.0667,61.05,77,75,3.51,broken clouds
665,Port Shepstone,ZA,-30.7414,30.455,71.42,89,0,4.12,clear sky
666,Brunico,IT,46.7958,11.9364,32.18,91,100,4.12,light snow
667,Aksarka,RU,66.5606,67.7975,-8.07,97,100,3.87,overcast clouds
668,Ust-Maya,RU,60.4167,134.5333,-2.33,97,100,5.14,overcast clouds
669,Tevaitoa,PF,-16.7833,-151.5,81.1,75,100,10.4,overcast clouds
670,Dekar,BW,-21.5333,21.9333,75.92,55,93,5.06,overcast clouds
671,Bratsk,RU,56.1325,101.6142,14.49,84,100,13.58,overcast clouds
672,Bilibino,RU,68.0546,166.4372,-6.36,99,95,3.71,overcast clouds
673,Sept-Iles,CA,50.2001,-66.3821,32.52,64,75,11.5,broken clouds
674,Hvide Sande,DK,56.0045,8.1294,36.18,83,100,10.04,overcast clouds
675,Teya,RU,60.3778,92.6267,21.13,84,80,12.62,light snow
676,La Rioja,ES,42.25,-2.5,33.58,98,100,13.38,overcast clouds
677,Dawson Creek,CA,55.7666,-120.2362,44.24,65,1,21.85,clear sky
678,Pandan,PH,14.0453,124.1694,79.27,89,100,10.56,light rain
679,Bonthe,SL,7.5264,-12.505,80.44,79,6,6.76,clear sky
680,Sangar,RU,63.9242,127.4739,-7.02,99,100,0.76,overcast clouds
681,Lyubytino,RU,58.8122,33.3922,23.38,96,100,1.28,overcast clouds
682,Muzambinho,BR,-21.3758,-46.5256,85.08,46,2,10.38,clear sky
683,Saint-Paul,RE,-21.0096,55.2707,77.11,87,15,3.06,few clouds
684,Kutulik,RU,53.3508,102.7839,14.67,95,100,4.29,overcast clouds
685,Gusau,NG,12.1628,6.6614,80.11,15,100,8.32,overcast clouds
686,Nuevo Progreso,MX,23.1667,-97.95,68.5,80,98,12.66,overcast clouds
687,Kang,BW,-23.6752,22.7876,76.89,49,41,14.2,scattered clouds
688,Inverell,AU,-29.7833,151.1167,56.88,96,15,4.92,few clouds
689,Ibra,OM,22.6906,58.5334,68.45,43,0,0.87,clear sky
690,Khvorostyanka,RU,52.6096,48.9597,33.67,96,100,9.64,overcast clouds
691,Natitingou,BJ,10.3042,1.3796,82.45,17,100,3.83,overcast clouds
692,Portland,US,45.5234,-122.6762,60.78,82,75,6.91,broken clouds
693,Taltal,CL,-25.4,-70.4833,66.97,64,26,5.97,scattered clouds
694,Nouakchott,MR,18.0858,-15.9785,80.53,33,99,16.58,overcast clouds
695,Belem,BR,-1.4558,-48.5044,73.44,94,75,12.66,broken clouds
696,Lincoln,US,40.8,-96.667,50.38,46,1,6.91,clear sky
697,Bougouni,ML,11.417,-7.479,83.8,20,8,3.42,clear sky
698,Kantemirovka,RU,49.7089,39.8592,43.99,94,100,7.27,overcast clouds
699,Wangou,CN,42.0623,126.9127,23.86,93,53,5.46,light snow
700,Hokitika,NZ,-42.7167,170.9667,61.38,79,100,2.42,overcast clouds
701,Kamarion,GR,36.8,25.8167,62.02,82,100,20.98,overcast clouds
702,Biltine,TD,14.5333,20.9167,80.17,14,6,7.9,clear sky
703,Jiuquan,CN,39.7432,98.5174,18.0,66,0,4.36,clear sky
704,Sachin,IN,21.0833,72.8833,76.89,47,33,6.91,smoke
705,Cairns,AU,-16.9167,145.7667,75.15,94,40,1.14,scattered clouds
706,Strezhevoy,RU,60.7333,77.5889,15.78,96,100,3.51,overcast clouds
707,Benguela,AO,-12.5763,13.4055,76.73,79,100,10.2,overcast clouds
708,Cicero Dantas,BR,-10.6,-38.3833,73.62,86,100,14.88,light rain
709,Gejiu,CN,23.306,103.1635,42.46,96,12,2.37,few clouds
710,Oyem,GA,1.5995,11.5793,73.22,72,82,1.63,broken clouds
711,Thunder Bay,CA,48.4001,-89.3168,31.98,55,75,13.8,broken clouds
712,Gidam,IN,18.9833,81.4,63.25,68,91,2.53,overcast clouds
713,Krasnaya Gora,RU,52.9995,31.6023,37.31,95,100,10.69,overcast clouds
714,Tomatlan,MX,19.9333,-105.25,89.87,41,52,6.91,broken clouds
715,Ixtapa,MX,20.7,-105.2,83.43,54,75,2.3,broken clouds
716,Yerbogachen,RU,61.2767,108.0108,-7.82,100,100,2.04,overcast clouds
717,Raudeberg,NO,61.9875,5.1352,27.27,41,100,5.97,overcast clouds
718,Okitipupa,NG,6.5047,4.7839,77.83,89,95,3.0,overcast clouds
